		ID	Профиль питания	Название	Дата создания	NO3	NH4	N	P	K	Ca	Mg	S	Fe	Mn	Zn	Cu	B	Mo	Co	Si
	  	cfa83512	Роза, минеральная вата (Substratus)	До первой срезки	22.05.2026 11:16	168	11	0	39	137	160	43	40	1.96	0.27	0.229	0.048	0.216	0.048	0	0
	  	261caa80	Роза, минеральная вата (Substratus)	Стандартный	22.05.2026 11:15	154	21	0	39	175	130	27	40	1.4	0.27	0.229	0.048	0.216	0.048	0	0
	  	bf8f650c	Мангольд, гидропоника (Светлана Пуронен)	Беби-лифы и взрослые растения	22.05.2026 11:13	196	18.2	0	62	331.5	180	34.8	91.2	2.8	0.55	0.325	0.048	0.385	0.048	0	0
	  	7ea8044d	Базилик, гидропоника (e-GRO Edible Alert - 2018)	Стандартный	22.05.2026 11:11	135	15	150	30	125	80	40	100	2	0.75	0.25	0.15	0.25	0.048	0	0
	  	8bf422c2	Перец, минеральная вата (Haifa)	Стандартный	22.05.2026 11:10	216.9	17.3	0	39	254.2	190.5	36.5	55.5	0	0	0	0	0	0	0	0
	  	a19a5f2f	Перец, инертный субстрат (по Ладогиной М.П.)	Интенсивное плодоношение	22.05.2026 11:09	217	17.5	0	39	254	190	36	56	0.84	0.55	0.325	0.048	0.324	0.048	0	0
	  	9ce8b8f6	Перец, инертный субстрат (по Ладогиной М.П.)	Насыщение матов	22.05.2026 11:08	203	3.5	0	39	175.5	230	48	72	0.84	0.5	0.325	0.048	0.378	0.048	0	0
	  	af656f95	Перец, инертный субстрат (по Ладогиной М.П.)	Первые 4-8 недель	22.05.2026 10:36	214	18.9	0	46.5	214.5	210	36	56	0.84	0.55	0.325	0.048	0.324	0.048	0	0
	  	b4bc313a	Рукола (индау), гидропоника (Гавриш)	Стандартный	22.05.2026 10:35	126	0.8	0	31.8	178	142	0	0	0	0	0	0	0	0	0	0
	  	cd5aa745	Хризантема, грунт (почва), стандартный	Стандартный	22.05.2026 10:34	111	6	0	16	156	80	24	32	0.28	0.11	0.065	0.019	0.108	0	0	0
	  	3c75482a	Перец острый, гидропоника	Рассада	22.05.2026 10:32	63	9	0	35	80	60	12	16	4	0.33	0.33	0.05	0.5	0.063	0	0
	  	cba299dc	Перец острый, гидропоника	Вегетация	22.05.2026 10:31	196	36	0	40	253	190	56	126	4	0.33	0.33	0.05	0.8	0.063	0	0
	  	a8bcac29	Перец острый, гидропоника	Плодоношение	22.05.2026 10:30	198	34	0	70	331	170	40	101	4	0.33	0.33	0.05	0.8	0.063	0	0
	  	1a569b89	Гербера, инертный субстрат	Стандартный	22.05.2026 08:57	143	36	179	39	215	120	24	57	1.96	0.27	0.262	0.048	0.324	0.048	0	0
	  	ef041c69	Баклажан, органический субстрат (wur)	Стандартный	22.05.2026 05:55	217	21	0	39	264	130	61	48	0.84	0.55	0.327	0.048	0.378	0.048	0	0
	  	f55bb7c3	Зелень листовая, гидропоника (модифицированный р-р Зонневельда)	Стандартный	22.05.2026 05:53	0	0	150	31	210	90	24	32	1	0.13	0.16	0.023	0.25	0.024	0	0
	  	0d1c32db	Зелень листовая, гидропоника (university of arkansas system)	Стандартный	22.05.2026 05:34	0	0	150	29	194	100	31	0	1.75	0.38	0.25	0.08	0.24	0.05	0	0
	  	17f41d34	Альстромерия, органический субстрат (WUR)	Стандартный	13.05.2026 13:55	157	10	0	31	227	140	32	63	1.4	0.27	0.262	0.048	0.324	0.048	0	0
	  	f5f4ef97	Салат (Cornell University)	Стандартный	13.05.2026 13:53	0	0	125	31	215	84	24	35	0.94	0.14	0.13	0.03	0.16	0.03	0	0
	  	ac45918d	Салат, гидропоника (Rijk Zwaan)	Стандартный	13.05.2026 13:51	140	5	0	41	332	130	24	0	1.5	0.5	0.1	0.1	0.5	0.05	0	0
	  	1b71ff9e	Салат, гидропоника (WUR)	Стандартный	13.05.2026 13:50	266	18	0	62	430	180	24	36	2.24	0.27	0.262	0.048	0.324	0.048	0	0
	  	048f7982	Земляника (Soraya F1), кокосовый субстрат (ABZ Seeds)	Плодоношение	13.05.2026 13:44	162	0	0	39	176	170	34	48	2.24	1.1	0.916	0.054	0.108	0.072	0	0
	  	1db5b2ce	Земляника (Soraya F1), кокосовый субстрат (ABZ Seeds)	Вегетативный	13.05.2026 13:43	162	4	0	39	176	170	30	48	2.24	1.1	0.916	0.054	0.324	0.072	0	0
	  	d0a15d07	Земляника, минеральная вата, размножение из семян (КлубникаПро)	Напитка пробок и полив рассады	13.05.2026 13:41	0	0	105	30	110	85.5	25	12.6	2	2	0.44	0.19	0.31	0.08	0	0
	  	f3ffcf3d	Огурец, грунт (почва) (Райк Цваан)	Массовое плодоношение	13.05.2026 13:28	230	15	0	40	330	170	45	0	0	0	0	0	0	0	0	0
	  	a7e7a07e	Огурец, грунт (почва) (Райк Цваан)	Интенсивный рост	13.05.2026 13:28	210	15	0	45	290	180	40	0	0	0	0	0	0	0	0	0
	  	e638d1d0	Огурец, грунт (почва) (Райк Цваан)	Рассада	13.05.2026 13:27	160	15	0	60	220	190	30	0	0	0	0	0	0	0	0	0
	  	5ffd5679	Огурец, минеральная вата (ГроуТэк)	Рассада	13.05.2026 13:13	238	15	0	50	293	201	44	58	1.12	0.55	0.327	0.048	0.324	0.048	0	0
	  	47768ccd	Огурец, минеральная вата (ГроуТэк)	Запитка матов	13.05.2026 13:13	238	14	0	50	235	201	49	39	1.12	0.55	0.327	0.048	0.486	0.048	0	0
	  	bd23c801	Огурец, минеральная вата (ГроуТэк)	Стартовый 4-6 недель после посадки	13.05.2026 13:12	238	17	0	56	274	192	49	48	1.4	0.55	0.327	0.048	0.54	0.048	0	0
	  	ea828d14	Огурец, минеральная вата (ГроуТэк)	Массовое плодоношение	13.05.2026 13:12	252	17	0	56	391	180	49	71	1.68	0.55	0.327	0.048	0.54	0.048	0	0
	  	25234740	Огурец, органический субстрат (WUR)	Стандартный	13.05.2026 13:10	224	18	0	39	313	160	33	44	0.84	0.55	0.327	0.048	0.27	0.048	0	0
	  	24fcf077	Томат, торф	Цветение 5-10 кисти	12.05.2026 11:00	256	8	0	47	391	166	47	88	1.4	0.55	0.327	0.048	0.378	0.048	0	0
	  	41a175a5	Томат, торф	Цветение 1-5 кисти и после 10 кисти	12.05.2026 10:59	256	8	0	47	313	207	47	88	1.4	0.55	0.327	0.048	0.378	0.048	0	0
	  	41b1fba4	Томат, торф	До цветения 1-й кисти	12.05.2026 10:56	266	8	0	56	274	247	47	88	1.68	0.55	0.327	0.048	0.378	0.048	0	0
	  	4ab88fce	Томат, торф	Рассада	12.05.2026 10:54	256	8	0	47	352	186	47	88	1.4	0.55	0.327	0.048	0.378	0.048	0	0
	  	be4f81af	Томат, минеральная вата (Дания)	Стандарт	12.05.2026 10:36	220	20	0	40	340	210	60	80	2.5	0.8	0.33	0.15	0.33	0.05	0	0
	  	b2bea2d9	Томат, минеральная вата (Дания)	Пропитка матов	12.05.2026 10:36	200	20	0	40	240	280	80	80	2.5	0.8	0.33	0.15	0.33	0.05	0	0
	  	62cad654	Томат, минеральная вата (Дания)	1-3 кистей	12.05.2026 10:36	230	20	0	50	330	240	70	80	2.5	0.8	0.33	0.15	0.33	0.05	0	0
	  	5921be66	Томат, минеральная вата (Дания)	3-5 кистей	12.05.2026 10:36	220	20	0	50	370	210	70	80	2.5	0.8	0.33	0.15	0.33	0.05	0	0
	  	98f74cd7	Томат, минеральная вата (Дания)	5-10 кистей	12.05.2026 10:36	220	20	0	50	400	190	70	80	2.5	0.8	0.33	0.15	0.33	0.05	0	0
	  	effeb31c	Томат, минеральная вата (Дания)	10-12 кистей	12.05.2026 10:36	220	20	0	50	380	210	70	80	2.5	0.8	0.33	0.15	0.33	0.05	0	0
	  	42af6b03	Томат, минеральная вата (Дания)	Плодоношение	12.05.2026 10:35	220	20	0	40	420	170	60	60	2.5	0.8	0.33	0.15	0.33	0.05	0	0
	  	458847f7	Томат, минеральная вата (Дания)	Усиленный раствор	12.05.2026 10:35	280	20	0	60	480	210	70	90	2.5	0.8	0.33	0.15	0.33	0.05	0	0
	  	5b40300b	Томат, минеральная вата (Дания)	Рассада	12.05.2026 10:34	200	20	0	50	230	180	70	50	2	0.55	0.27	0.05	0.27	0.05	0	0
	  	d948aa4b	Томат, минеральная вата (BelAgro)	Напитывание матов	08.05.2026 12:57	210	17	0	50	196	221	58	87	1.12	0.55	0.327	0.048	0.324	0.048	0	0
	  	d2fa27cb	Томат, минеральная вата (BelAgro)	Напитывание кубиков и полив рассады	08.05.2026 12:57	196	15	0	50	332	180	49	112	1.12	0.55	0.327	0.048	0.324	0.048	0	0
	  	1d52115b	Томат, минеральная вата (BelAgro)	1-3 кистей	08.05.2026 12:57	210	17	0	56	313	201	58	116	1.4	0.55	0.327	0.048	0.486	0.048	0	0
	  	fe04e051	Томат, минеральная вата (BelAgro)	3-5 (10-12) кистей	08.05.2026 12:56	196	13	0	59	352	180	53	119	1.68	0.55	0.327	0.048	0.648	0.048	0	0
	  	ceda704a	Томат, минеральная вата (BelAgro)	5-10 кистей	08.05.2026 12:56	203	13	0	59	403	172	53	125	1.68	0.55	0.327	0.048	0.648	0.048	0	0
	  	26758f5b	Томат, минеральная вата (BelAgro)	Цветение после 12 кистей	08.05.2026 12:56	196	14	0	56	344	192	49	122	1.68	0.55	0.327	0.048	0.648	0.048	0	0
	  	e4aa2a96	Томат, минеральная вата, (Голландия)	Рассада	08.05.2026 12:55	235	18	0	39	264	213	73	80	0.84	0.55	0.327	0.048	0.27	0.048	0	0
	  	d23acbc6	Томат, минеральная вата, (Голландия)	Насыщение матов	08.05.2026 12:54	193	11	0	39	205	211	73	120	0.84	0.55	0.981	0.048	0.324	0.048	0	0
	  	2744d6b2	Томат, минеральная вата, (Голландия)	Стартовый	08.05.2026 12:54	207	18	0	39	303	190	61	120	0.84	0.55	0.327	0.048	0.27	0.048	0	0
	  	7a45e7da	Томат, минеральная вата, (Голландия)	Стандартный	08.05.2026 12:54	193	18	0	39	342	170	49	120	0.84	0.55	0.327	0.048	0.27	0.048	0	0
	  	5715e95d	Томат, минеральная вата, (Голландия)	3-4 кисти	08.05.2026 12:54	193	18	0	39	362	165	46	120	0.84	0.55	0.327	0.048	0.27	0.048	0	0
	  	b2f42cbf	Томат, минеральная вата, (Голландия)	5-9 кисти	08.05.2026 12:54	193	18	0	39	411	145	43	120	0.84	0.55	0.327	0.048	0.27	0.048	0	0
	  	ea2ee139	Томат, минеральная вата, (Голландия)	10-11 кисти	08.05.2026 12:53	193	18	0	39	362	165	46	120	0.84	0.55	0.327	0.048	0.27	0.048	0	0
	  	3735778a	Томат, грунт (почва) (Райк Цваан)	Выращивание рассады	08.05.2026 12:48	235	15	0	75	275	200	63	0	0	0	0	0	0	0	0	0
	  	c4eccf24	Томат, грунт (почва) (Райк Цваан)	До цветения 5-й кисти	08.05.2026 12:48	230	20	0	63	325	213	63	0	0	0	0	0	0	0	0	0
	  	2a05e74d	Томат, грунт (почва) (Райк Цваан)	Плодоношение	08.05.2026 12:48	195	20	0	65	350	175	63	0	0	0	0	0	0	0	0	0
	  	82029b81	Земляника, минеральная вата (КлубникаПро)	Напитывание матов	08.05.2026 12:45	80	4	0	40	140	67	30	25	2	2	1	0	0.2	0.1	0	0
	  	ed4d13ea	Земляника, минеральная вата (КлубникаПро)	Укоренение-начало цветения	08.05.2026 12:44	80	4	0	50	175	80	40	25	2	2	1	0	0.2	0.1	0	0
	  	6c5bf005	Земляника, минеральная вата (КлубникаПро)	Плодоношение	08.05.2026 12:44	60	0	0	57	210	95	30	35	2	2	1	0	0.2	0.1	0	0
	  	1408e482	Томат, минеральная вата (по Ладогиной М.П.)	Период до цветения	08.05.2026 12:41	207	17.5	0	39	302	190	60	120	0.84	0.55	0.325	0.048	0.324	0.048	0	0
	  	2c06cc41	Томат, минеральная вата (по Ладогиной М.П.)	Насыщение матов	08.05.2026 12:41	193	10.5	0	39	205	210	72	120	0.84	0.55	0.325	0.048	0.432	0.048	0	0
	  	008eacb0	Томат, минеральная вата (по Ладогиной М.П.)	До окончания вегетации	08.05.2026 12:41	193	17.5	0	39	341	170	48	120	0.84	0.55	0.325	0.048	0.324	0.048	0	0
	  	0920efba	Томат, минеральная вата (по Ладогиной М.П.)	1-3 кистей	08.05.2026 12:40	193	17.5	0	39	341	170	48	120	0.84	0.55	0.325	0.048	0.324	0.048	0	0
	  	90b5e10a	Томат, минеральная вата (по Ладогиной М.П.)	3-5 кистей	08.05.2026 12:40	193	17.5	0	39	361	165	45	120	0.84	0.55	0.325	0.048	0.324	0.048	0	0
	  	81aabb50	Томат, минеральная вата (по Ладогиной М.П.)	5-10 кистей	08.05.2026 12:40	193	17.5	0	39	341	145	42	120	0.84	0.55	0.325	0.048	0.324	0.048	0	0
	  	ca1a161a	Томат, минеральная вата (по Ладогиной М.П.)	10-12 кистей	08.05.2026 12:39	193	17.5	0	39	331	165	45	120	0.84	0.55	0.325	0.048	0.324	0.048	0	0
	  	e6b23e08	Пряные травы, гидропоника (ponics.online)	Вегетация	06.05.2026 10:33	127	13	0	45	180	100	40	52	3.46	0.55	0.33	0.63	0.3	0.063	0	0
	  	1c10c5eb	Пряные травы, гидропоника (ponics.online)	Стартовый	06.05.2026 10:33	126	13	0	45	180	100	40	53	3.46	0.55	0.33	0.63	0.3	0.063	0	0
	  	cd379adb	Пряные травы, гидропоника (ponics)	Стандартный	06.05.2026 10:32	0	0	210	80	300	180	68	0	3	1.2	0.4	0.2	0.5	0.06	0	0
	  	c706bfa6	Пряные травы, органический субстрат	Стандартный	06.05.2026 10:23	169	17	0	34	239	132	21	38	1.12	0.275	0.196	0.032	0.108	0.048	0	0
	  	1c4ea7ff	Роза, минеральная вата	Стандартный	27.02.2026 13:51	154	14	0	40	196	120	24	42	1.4	0.27	0.327	0.064	0.27	0.096	0	0
	  	4eed1f03	Огурец, торф	Массовое плодоношение	27.02.2026 13:51	238	18	0	40	352	152	39	45	1.68	0.55	0.327	0.048	0.54	0.048	0	0
	  	95fc12c2	Огурец, торф	Посадка-начало плодоношения	27.02.2026 13:51	224	18	0	43	313	168	34	48	1.68	0.55	0.327	0.048	0.54	0.048	0	0
	  	90a88328	Земляника НСД (Murano), органический субстрат (Flevo Berry)	Цветение и плодоношение	27.02.2026 13:51	115	0	0	62	235	148	29	80	1.29	0.99	0.916	0.045	0.225	0.096	0	0
	  	b46384f2	Земляника НСД (Murano), органический субстрат (Flevo Berry)	От посадки до цветения	27.02.2026 13:51	120	0	0	62	196	168	32	80	1.29	0.99	0.916	0.045	0.257	0.048	0	0
	  	d724c299	Огурец, кокосовый субстрат (BioGrow)	Массовое плодоношение	27.02.2026 13:51	238	17	0	59	371	180	53	83	1.68	0.55	0.327	0.048	0.54	0.048	0	0
	  	9617fccc	Огурец, кокосовый субстрат (BioGrow)	Стартовый 4-6 недель после посадки	27.02.2026 13:51	231	17	0	56	293	201	49	71	1.68	0.55	0.327	0.048	0.54	0.048	0	0
	  	cfec30ca	Огурец, кокосовый субстрат (BioGrow)	Промывка и запитка матов	27.02.2026 13:51	231	18	0	56	117	261	53	55	1.12	0.55	0.327	0.048	0.486	0.048	0	0
	  	2ab4d998	Огурец, кокосовый субстрат (BioGrow)	Рассада	27.02.2026 13:51	238	15	0	50	293	201	44	58	1.12	0.55	0.327	0.048	0.324	0.048	0	0
	  	6f1f5ff1	Баклажан, минеральная вата (Голландия)	Массовое плодоношение	27.02.2026 13:51	231	21	0	39	302	130	61	0	2	0.55	0.33	0.05	0.35	0.05	0	0
	  	afd48c37	Баклажан, минеральная вата (Голландия)	Стандартный	27.02.2026 13:51	217	21	0	39	263	130	61	0	2	0.55	0.33	0.05	0.35	0.05	0	0
	  	6dcb017a	Баклажан, минеральная вата (Голландия)	Стартовый	27.02.2026 13:51	217	21	0	39	224	150	61	0	2	0.55	0.33	0.05	0.27	0.05	0	0
	  	68b3dca0	Баклажан, минеральная вата (Голландия)	Запитка матов	27.02.2026 13:51	232.4	15.4	0	39	185	158	72	0	2	0.55	0.33	0.05	0.35	0.05	0	0
	  	cf41105d	Баклажан, минеральная вата (Голландия)	Рассада	27.02.2026 13:51	234.5	17.5	0	39	263	180	72	0	2	0.55	0.33	0.05	0.38	0.05	0	0
	  	e1fdf26f	Перец, минеральная вата (Голландия)	Массовое плодоношение	27.02.2026 13:51	227.5	14	0	39	331.5	170	36	0	2	0.55	0.33	0.05	0.35	0.05	0	0
	  	27d84f95	Перец, минеральная вата (Голландия)	Стартовый	27.02.2026 13:51	213.5	14	0	39	253.5	190	36	0	2	0.55	0.33	0.05	0.27	0.05	0	0
	  	2ff3b728	Перец, минеральная вата (Голландия)	Запитка матов	27.02.2026 13:51	224	14	0	39	214.5	200	54.5	0	2	0.55	0.33	0.05	0.35	0.05	0	0
	  	7cea91c2	Перец, минеральная вата (Голландия)	Рассада	27.02.2026 13:51	234.5	17.5	0	39	263	180	72	0	2	0.55	0.33	0.05	0.38	0.05	0	0
	  	63ad2d07	Огурец, минеральная вата (Голландия)	Генеративный	27.02.2026 13:51	0	0	213	40	331	200	55	0	2	0.55	0.33	0.05	0.35	0.05	0	0
	  	0715e860	Огурец, минеральная вата (Голландия)	Стандартный	27.02.2026 13:51	0	0	232	43	300	212	55	0	2	0.55	0.33	0.05	0.35	0.05	0	0
	  	361c69d0	Огурец, минеральная вата (Голландия)	Запитка матов	27.02.2026 13:51	0	0	231	40	226	240	55	0	2	0.55	0.33	0.05	0.35	0.05	0	0
	  	fdc0bd7f	Огурец, минеральная вата (Голландия)	Рассада	27.02.2026 13:51	0	0	252	40	263	180	60	0	2	0.55	0.33	0.05	0.38	0.05	0	0
	  	fcb3844e	Редис, органический субстрат	Стандартный	27.02.2026 13:51	0	0	140	40	280	80	45	0	3.45	0.55	0.33	0.63	0.3	0.063	0	0
	  	c89a02d3	Малина, органический субстрат (ponics.online)	Плодоношение	27.02.2026 13:51	196	6	0	39	269	160	42	56	3.46	0.55	0.33	0.63	0.11	0.063	0	0
	  	b03595e4	Малина, органический субстрат (ponics.online)	Вегетация	27.02.2026 13:51	196	6	0	39	230	180	42	56	3.46	0.55	0.33	0.63	0.11	0.063	0	0
	  	10f1293d	Рукола, гидропоника (agronews)	Стандартный	27.02.2026 13:51	0	0	220	60	240	120	40	0	0	0	0	0	0	0	0	0
	  	b550753d	Томат, гидропоника (wur)	Стандартный	27.02.2026 13:51	151	14	0	39	254	110	24	48	0.84	0.55	0.262	0.048	0.216	0.048	0	0
	  	2761023c	Земляника, гидропоника (WUR)	Стандартный	27.02.2026 13:51	140	7	0	39	205	110	27	36	1.12	0.55	0.262	0.048	0.216	0.048	0	0
	  	b4ef048a	Роза, органический субстрат	Стандартный (wur)	27.02.2026 13:51	158	14	0	39	176	130	36	40	1.4	0.27	0.229	0.048	0.216	0.048	0	0
	  	ec99457f	Овощи, минеральная вата	Стандартный (wur)	27.02.2026 13:51	235	18	0	39	264	180	73	80	1.4	0.55	0.327	0.064	0.378	0.048	0	0
	  	4bbc7900	Горшечные культуры, керамзит	Стандартный (wur)	27.02.2026 13:51	149	15	0	47	215	120	18	32	1.12	0.55	0.196	0.032	0.216	0.048	0	0
	  	d096c257	Перец, органический субстрат	Стандартный (wur)	27.02.2026 13:51	217	7	0	39	264	201	36	56	0.84	0.55	0.327	0.048	0.324	0.048	0	0
	  	7e38ecf4	Гиппеаструм, органический субстрат	Стандартный (wur)	27.02.2026 13:51	177	18	0	39	274	120	24	39	0.56	0.55	0.327	0.045	0.324	0.048	0	0
	  	1101c91f	Гипсофила, органический субстрат	Стандартный (wur)	27.02.2026 13:51	168	11	0	31	166	140	36	32	0.84	0.55	0.262	0.048	0.324	0.048	0	0
	  	361fb516	Гербера, органический субстрат	Стандартный (wur)	27.02.2026 13:51	158	21	0	39	215	120	24	40	1.96	0.27	0.262	0.048	0.324	0.048	0	0
	  	2ca18057	Гвоздика, органический субстрат	Стандартный (wur)	27.02.2026 13:51	182	14	0	39	264	140	24	40	1.4	0.55	0.262	0.048	0.324	0.048	0	0
	  	cf89bbce	Кабачок, органический субстрат	Стандарный (wur)	27.02.2026 13:51	224	18	0	39	283	145	49	40	0.84	0.55	0.327	0.064	0.378	0.048	0	0
	  	12f649c3	Бобовые, органический субстрат	Стандартный (wur)	27.02.2026 13:51	168	14	0	39	244	130	30	48	0.84	0.27	0.262	0.032	0.216	0.048	0	0
	  	114e4a52	Астра, органический субстрат	Стандартный (wur)	27.02.2026 13:51	182	1	0	39	293	140	24	40	1.4	0.55	0.262	0.048	0.27	0.048	0	0
	  	90ddffee	Зелень листовая, гидропоника (ponics.online)	Вегетация	27.02.2026 13:51	143	11	0	39	243	121	34	84	3.46	0.55	0.33	0.63	0.3	0.063	0	0
	  	5e2ba651	Зелень листовая, гидропоника (ponics.online)	Стартовый	27.02.2026 13:51	23	2	0	39	57	23	9	12	3.46	0.55	0.33	0.63	0.3	0.063	0	0
	  	19d7d543	Микрозелень, инертный субстрат	Стандартный	27.02.2026 13:51	0	0	105	15	117	100	24	0	2.5	0.25	0.025	0.01	0.25	0.005	0	0
	  	8b96e206	Земляника НСД (Hademar), органический субстрат (Flevo Berry)	Стандартный	27.02.2026 13:51	140	11	0	25	141	144	29	51	2.8	1.1	0.785	0.095	0.162	0.144	0	0
	  	06209dd6	Земляника КСД (Sonsation), органический субстрат (Flevo Berry)	Плодоношение	27.02.2026 13:51	168	0	0	31	274	130	30	48	1.96	1.65	0.523	0.064	0.216	0.048	0	0
	  	e0a37192	Земляника КСД (Sonsation), органический субстрат (Flevo Berry)	Цветение	27.02.2026 13:51	168	0	0	31	235	150	36	48	1.96	1.65	0.523	0.064	0.216	0.048	0	0
	  	2ac3fd8d	Земляника КСД (Sonsation), органический субстрат (Flevo Berry)	Стартовый	27.02.2026 13:51	168	14	0	31	196	170	36	48	1.96	1.65	0.785	0.064	0.216	0.048	0	0
	  	4727c4b0	Земляника НСД (Florice), органический субстрат (Flevo Berry)	Плодоношение	27.02.2026 13:51	140	0	0	25	149	152	32	51	2.24	0.55	0.654	0.08	0.108	0.096	0	0
	  	2a58832d	Земляника НСД (Florice), органический субстрат (Flevo Berry)	От посадки до начала плодоношения	27.02.2026 13:51	140	0	0	25	125	164	32	51	2.8	1.1	0.785	0.08	0.162	0.096	0	0
	  	de410080	Земляника НСД (Favori), органический субстрат (Flevo Berry)	Плодоношение	27.02.2026 13:51	140	0	0	25	156	160	24	51	2.24	0.55	0.654	0.08	0.108	0.096	0	0
	  	e453a866	Земляника НСД (Favori), органический субстрат (Flevo Berry)	От посадки до начала плодоношения	27.02.2026 13:51	140	0	0	25	109	180	27	51	2.8	1.1	0.785	0.08	0.162	0.096	0	0
	  	f42dae0d	Земляника НСД (Furore), органический субстрат (Flevo Berry)	Плодоношение	27.02.2026 13:51	140	7	0	25	145	148	29	51	2.24	0.55	0.654	0.08	0.108	0.096	0	0
	  	53e0a88c	Земляника НСД (Furore), органический субстрат (Flevo Berry)	От посадки до начала плодоношения	27.02.2026 13:51	140	0	0	25	117	160	36	51	2.8	1.1	0.785	0.08	0.162	0.096	0	0
	  	3a4e7fd9	Земляника, грунт (почва)	Стандартный	27.02.2026 13:51	102	11	0	16	117	80	24	32	0.28	0.11	0.065	0.019	0.108	0	0	0
	  	306c6141	Земляника, органический субстрат	Массовое плодоношение	27.02.2026 13:51	186	4	0	31	254	150	36	48	1.68	0.55	0.458	0.048	0.108	0.048	0	0
	  	0cc2a061	Земляника, органический субстрат	Вегетация	27.02.2026 13:51	190	11	0	39	176	190	36	48	2.24	0.825	0.458	0.048	0.216	0.048	0	0
	  	39dff14c	Земляника, органический субстрат	Стандартный	27.02.2026 13:51	165	11	0	31	176	150	36	48	1.68	0.55	0.458	0.048	0.108	0.048	0	0
	  	d2c2e057	Земляника, инертный субстрат	Массовое плодоношение	27.02.2026 13:51	189	7	0	31	266	144	36	48	1.68	0.55	0.458	0.048	0.108	0.048	0	0
	  	cdf1cdf8	Земляника, инертный субстрат	Вегетация	27.02.2026 13:51	193	14	0	39	188	184	36	48	2.24	0.825	0.458	0.048	0.216	0.048	0	0
	  	ef037c56	Земляника, инертный субстрат	Стандартный	27.02.2026 13:51	168	14	0	31	188	144	36	48	1.68	0.55	0.458	0.048	0.108	0.048	0	0
	  	e6fed3f7	Баклажан, грунт (почва)	Стандартный	27.02.2026 13:51	111	13	0	16	137	80	24	32	0.28	0.11	0.065	0.019	0.108	0	0	0
	  	b0bc386c	Баклажан, органический субстрат	Массовое плодоношение	27.02.2026 13:51	231	10	0	39	274	150	67	48	0.84	0.55	0.327	0.048	0.378	0.048	0	0
	  	0442b476	Баклажан, органический субстрат	Вегетация	27.02.2026 13:51	217	3	0	39	196	170	73	48	1.4	0.55	0.327	0.048	0.378	0.048	0	0
	  	c643edef	Баклажан, органический субстрат	Стандартный	27.02.2026 13:51	217	10	0	39	235	150	67	48	0.84	0.55	0.327	0.048	0.378	0.048	0	0
	  	dfc3b676	Баклажан, инертный субстрат	Массовое плодоношение	27.02.2026 13:51	231	21	0	39	303	130	61	48	0.84	0.55	0.327	0.048	0.378	0.048	0	0
	  	6c29a44c	Баклажан, инертный субстрат	Вегетация	27.02.2026 13:51	217	7	0	39	225	150	73	48	1.4	0.55	0.327	0.048	0.486	0.048	0	0
	  	cf64113d	Баклажан, инертный субстрат	Стандартный	27.02.2026 13:51	217	21	0	39	264	130	61	48	0.84	0.55	0.327	0.048	0.378	0.048	0	0
	  	0a69a140	Огурец, грунт (почва)	Стандартный	27.02.2026 13:51	111	13	0	16	137	80	24	32	0.28	0.11	0.065	0.019	0.108	0	0	0
	  	72ebced1	Огурец, органический субстрат	Массовое плодоношение	27.02.2026 13:51	249	14	0	39	352	180	36	48	1.68	0.55	0.327	0.048	0.27	0.048	0	0
	  	9579575e	Огурец, органический субстрат	Вегетация	27.02.2026 13:51	235	7	0	39	274	200	42	48	2.24	0.55	0.327	0.048	0.378	0.048	0	0
	  	3d4e7411	Огурец, органический субстрат	Стандартный	27.02.2026 13:51	235	14	0	39	313	180	36	48	1.68	0.55	0.327	0.048	0.27	0.048	0	0
	  	4738360e	Огурец, инертный субстрат	Массовое плодоношение	27.02.2026 13:51	238	18	0	39	352	160	33	44	0.84	0.55	0.327	0.048	0.27	0.048	0	0
	  	43e5be14	Огурец, инертный субстрат	Стартовый	27.02.2026 13:51	224	11	0	39	274	180	39	44	1.4	0.55	0.327	0.048	0.378	0.048	0	0
	  	bd0942e5	Огурец, инертный субстрат	Стандартный	27.02.2026 13:51	224	18	0	39	313	160	33	44	0.84	0.55	0.327	0.048	0.27	0.048	0	0
	  	23049f0f	Декоративные многолетние, органический субстрат	Цветение	27.02.2026 13:51	126	14	0	47	254	100	18	56	1.12	0.275	0.196	0.032	0.108	0.048	0	0
	  	63bb7747	Декоративные многолетние, органический субстрат	Вегетация	27.02.2026 13:51	197	20	0	62	285	160	24	42	1.12	0.275	0.196	0.032	0.108	0.048	0	0
	  	e5bbed3b	Декоративные однолетние, органический субстрат	Цветение	27.02.2026 13:51	84	8	0	31	172	68	12	38	0.84	0.275	0.196	0.032	0.108	0.048	0	0
	  	9434a168	Декоративные однолетние, органический субстрат	Вегетация	27.02.2026 13:51	99	11	0	31	145	80	12	22	0.84	0.275	0.196	0.032	0.108	0.048	0	0
	  	4507b6c5	Альстромерия, грунт (почва)	Стандартный	27.02.2026 13:51	112	13	0	16	156	80	24	38	0.28	0.11	0.065	0.019	0.108	0	0	0
	  	f36753e6	Альстромерия, органический субстрат	Цветение	27.02.2026 13:51	277	21	0	54	430	300	49	128	2.795	0.385	0.196	0.064	0.324	0.067	0	0
	  	c71ffea9	Альстромерия, органический субстрат	Стартовый	27.02.2026 13:51	291	14	0	54	352	320	55	128	3.355	0.385	0.196	0.064	0.432	0.067	0	0
	  	86ca54bf	Альстромерия, органический субстрат	Стандартный	27.02.2026 13:51	291	21	0	54	391	300	49	128	2.795	0.385	0.196	0.064	0.324	0.067	0	0
	  	73b7a7ca	Салат, гидропоника	Стандартный	27.02.2026 13:51	224	14	0	47	371	180	24	64	2.24	0.385	0.458	0.064	0.432	0.096	0	0
	  	7e4cd7fd	Томат, грунт (почва)	Стандартный	27.02.2026 13:51	132	13	0	16	196	80	36	48	0.28	0.11	0.065	0.019	0.108	0	0	0
	  	1a2ba62f	Томат, органический субстрат	До конца выращивания	27.02.2026 13:51	207	0	0	16	364	220	58	141	1.68	0.55	0.327	0.048	0.324	0.048	0	0
	  	9016280d	Томат, органический субстрат	Массовое плодоношение	27.02.2026 13:51	207	14	0	47	423	200	52	141	1.68	0.55	0.327	0.048	0.324	0.048	0	0
	  	56a8b9b1	Томат, органический субстрат	Начало вегетации	27.02.2026 13:51	207	0	0	47	325	240	70	141	2.24	0.55	0.327	0.048	0.432	0.048	0	0
	  	35a5acfb	Томат, органический субстрат	Стандартный	27.02.2026 13:51	207	14	0	47	364	220	58	141	1.68	0.55	0.327	0.048	0.324	0.048	0	0
	  	0f07d802	Томат, кокосовый субстрат (biogrow)	Полив рассады	27.02.2026 13:51	196	15	0	50	332	180	49	112	1.12	0.55	0.327	0.048	0.324	0.048	0	0
	  	9c76094a	Томат, кокосовый субстрат (biogrow)	Цветение после 12 кистей	27.02.2026 13:51	196	14	0	59	371	192	53	138	1.68	0.55	0.327	0.048	0.648	0.048	0	0
	  	9b96e94f	Томат, кокосовый субстрат (biogrow)	Цветение 5-10 кисти	27.02.2026 13:51	203	13	0	56	391	180	58	135	1.68	0.55	0.327	0.048	0.648	0.048	0	0
	  	1b784ef0	Томат, кокосовый субстрат (biogrow)	Цветение 3-5 (10-12) кисти	27.02.2026 13:51	196	14	0	59	332	192	53	122	1.68	0.55	0.327	0.048	0.648	0.048	0	0
	  	9f5cf385	Томат, кокосовый субстрат (biogrow)	Цветение 1-3 кисти	27.02.2026 13:51	210	17	0	59	293	201	58	106	1.4	0.55	0.327	0.048	0.486	0.048	0	0
	  	2ee227ce	Томат, кокосовый субстрат (biogrow)	Напитывание и промывка матов	27.02.2026 13:51	210	18	0	56	137	261	53	87	1.12	0.55	0.327	0.048	0.324	0.048	0	0
	  	eb858b14	Томат, инертный субстрат	Конец вегетации	27.02.2026 13:51	210	3	0	16	371	216	58	141	0.83	0.55	0.327	0.048	0.324	0.048	0	0
	  	0fb3cb6b	Томат, инертный субстрат	Плодоношение	27.02.2026 13:51	210	17	0	47	430	196	52	141	0.84	0.55	0.327	0.048	0.324	0.048	0	0
	  	e2003592	Томат, инертный субстрат	Начало выращивания	27.02.2026 13:51	210	3	0	47	332	236	70	141	1.4	0.55	0.327	0.048	0.432	0.048	0	0
	  	e762fe4d	Томат, инертный субстрат	Стандарт	27.02.2026 13:51	210	17	0	47	371	216	58	141	0.84	0.55	0.327	0.048	0.324	0.048	0	0
	  	b4dbc73b	Пряные травы, гидропоника	Стандартный	27.02.2026 13:51	235	18	0	39	264	180	73	80	1.4	0.55	0.327	0.064	0.378	0.048	0	0
	  	e2bb1106	Земляника, минеральная вата	Плодоношение	27.02.2026 13:51	186	14	0	47	293	130	30	48	1.67	0.82	0.65	0.05	0.21	0	0	0
	  	316fd410	Земляника, минеральная вата	До плодоношения	27.02.2026 13:51	182	14	0	47	215	170	30	48	1.67	0.82	0.65	0.05	0.21	0	0	0
	  	0519510c	Земляника, минеральная вата	Стандартный	27.02.2026 13:51	158	14	0	39	215	130	30	48	1.12	0.55	0.65	0.05	0.16	0	0	0
	  	82707709	Земляника, минеральная вата	Запитка матов	27.02.2026 13:51	119	0	0	39	109	130	35	42	1.67	0.22	0.98	0.06	0.03	0	0	0
